,year,experience,employment_type,job_title,salary,employee_residence,remote_work,company_location,company_size
0,2020,Mid-Level,Full time,Data Scientist,79833,Germany,On-site,Germany,Large
1,2020,Senior,Full time,Machine Learning Scientist,260000,Japan,On-site,Japan,Small
2,2020,Senior,Full time,Big Data Engineer,109024,United Kingdom,Partially Remote,United Kingdom,Medium
3,2020,Mid-Level,Full time,Product Data Analyst,20000,Honduras,On-site,Honduras,Small
4,2020,Senior,Full time,Machine Learning Engineer,150000,United States,Partially Remote,United States,Large
5,2020,Junior,Full time,Data Analyst,72000,United States,Fully Remote,United States,Large
6,2020,Senior,Full time,Lead Data Scientist,190000,United States,Fully Remote,United States,Small
7,2020,Mid-Level,Full time,Data Scientist,35735,Hungary,Partially Remote,Hungary,Large
8,2020,Mid-Level,Full time,Business Data Analyst,135000,United States,Fully Remote,United States,Large
9,2020,Senior,Full time,Lead Data Engineer,125000,New Zealand,Partially Remote,New Zealand,Small
10,2020,Junior,Full time,Data Scientist,51321,France,On-site,France,Small
11,2020,Mid-Level,Full time,Data Scientist,40481,India,On-site,India,Large
12,2020,Junior,Full time,Data Scientist,39916,France,On-site,France,Medium
13,2020,Mid-Level,Full time,Lead Data Analyst,87000,United States,Fully Remote,United States,Large
14,2020,Mid-Level,Full time,Data Analyst,85000,United States,Fully Remote,United States,Large
15,2020,Mid-Level,Full time,Data Analyst,8000,Pakistan,Partially Remote,Pakistan,Large
16,2020,Junior,Full time,Data Engineer,41689,Japan,Fully Remote,Japan,Small
17,2020,Senior,Full time,Big Data Engineer,114047,United Kingdom,Fully Remote,United Kingdom,Small
18,2020,Junior,Full time,Data Science Consultant,5707,India,Partially Remote,India,Medium
19,2020,Mid-Level,Full time,Lead Data Engineer,56000,United States,Fully Remote,United States,Medium
20,2020,Mid-Level,Full time,Machine Learning Engineer,43331,China,On-site,China,Medium
21,2020,Mid-Level,Full time,Product Data Analyst,6072,India,Fully Remote,India,Large
22,2020,Senior,Full time,Data Engineer,47899,Greece,Partially Remote,Greece,Large
23,2020,Mid-Level,Full time,BI Data Analyst,98000,United States,On-site,United States,Medium
24,2020,Mid-Level,Full time,Lead Data Scientist,115000,United Arab Emirates,On-site,United Arab Emirates,Large
25,2020,Executive,Full time,Director of Data Science,325000,United States,Fully Remote,United States,Large
26,2020,Junior,Full time,Research Scientist,42000,Netherlands,Partially Remote,Netherlands,Large
27,2020,Senior,Full time,Data Engineer,33511,Mexico,On-site,Mexico,Small
28,2020,Junior,Contract,Business Data Analyst,100000,United States,Fully Remote,United States,Large
29,2020,Senior,Full time,Machine Learning Manager,117104,Canada,Partially Remote,Canada,Large
30,2020,Mid-Level,Full time,Data Engineering Manager,59303,Germany,Fully Remote,Germany,Small
31,2020,Junior,Full time,Big Data Engineer,70000,United States,Fully Remote,United States,Large
32,2020,Senior,Full time,Data Scientist,68428,United States,Fully Remote,United States,Large
33,2020,Mid-Level,Full time,Research Scientist,450000,United States,On-site,United States,Medium
34,2020,Mid-Level,Full time,Data Analyst,46759,France,Partially Remote,France,Large
35,2020,Mid-Level,Full time,Data Engineer,74130,Austria,Partially Remote,Austria,Large
36,2020,Mid-Level,Full time,Data Science Consultant,103000,United States,Fully Remote,United States,Large
37,2020,Junior,Full time,Machine Learning Engineer,250000,United States,Partially Remote,United States,Large
38,2020,Junior,Full time,Data Analyst,10000,Nigeria,Fully Remote,Nigeria,Small
39,2020,Junior,Full time,Machine Learning Engineer,138000,United States,Fully Remote,United States,Small
40,2020,Mid-Level,Full time,Data Scientist,45760,United States,Fully Remote,United States,Small
41,2020,Executive,Full time,Data Engineering Manager,79833,Spain,Partially Remote,Spain,Large
42,2020,Mid-Level,Full time,Machine Learning Infrastructure Engineer,50180,Portugal,On-site,Portugal,Medium
43,2020,Mid-Level,Full time,Data Engineer,106000,United States,Fully Remote,United States,Large
44,2020,Mid-Level,Full time,Data Engineer,112872,United Kingdom,Partially Remote,United Kingdom,Large
45,2020,Junior,Part time,ML Engineer,15966,Germany,Fully Remote,Germany,Small
46,2020,Mid-Level,Full time,Data Scientist,76958,United Kingdom,Fully Remote,United Kingdom,Small
47,2020,Senior,Full time,Data Engineer,188000,United States,Fully Remote,United States,Large
48,2020,Mid-Level,Full time,Data Scientist,105000,United States,Fully Remote,United States,Large
49,2020,Mid-Level,Full time,Data Engineer,70139,France,Partially Remote,France,Large
50,2020,Junior,Full time,Data Analyst,6072,India,On-site,India,Small
51,2020,Junior,Full time,Data Analyst,91000,United States,Fully Remote,United States,Large
52,2020,Junior,Full time,AI Scientist,45896,Denmark,Partially Remote,Denmark,Small
53,2020,Junior,Full time,Data Engineer,54742,Germany,Fully Remote,Germany,Large
54,2020,Senior,Freelance,Computer Vision Engineer,60000,United States,Fully Remote,United States,Small
55,2020,Senior,Full time,Principal Data Scientist,148261,Germany,Fully Remote,Germany,Medium
56,2020,Mid-Level,Full time,Data Scientist,38776,Spain,Fully Remote,Spain,Medium
57,2020,Mid-Level,Full time,Data Scientist,118000,United States,Fully Remote,United States,Medium
58,2020,Senior,Full time,Data Scientist,120000,United States,Partially Remote,United States,Large
59,2020,Mid-Level,Full time,Data Scientist,138350,United States,Fully Remote,United States,Medium
60,2020,Mid-Level,Full time,Data Engineer,110000,United States,Fully Remote,United States,Large
61,2020,Mid-Level,Full time,Data Engineer,130800,United States,Fully Remote,United States,Medium
62,2020,Junior,Part time,Data Scientist,21669,Italy,Partially Remote,Italy,Small
63,2020,Senior,Full time,Data Scientist,412000,United States,Fully Remote,United States,Large
64,2020,Senior,Full time,Machine Learning Engineer,45618,Croatia,Fully Remote,Croatia,Small
65,2020,Junior,Full time,Data Scientist,62726,Germany,Partially Remote,Germany,Small
66,2020,Junior,Full time,Data Scientist,49268,Germany,On-site,Germany,Small
67,2020,Senior,Full time,Data Science Manager,190200,United States,Fully Remote,United States,Medium
68,2020,Junior,Full time,Data Scientist,105000,United States,Fully Remote,United States,Small
69,2020,Senior,Full time,Data Scientist,91237,Austria,On-site,Austria,Small
70,2020,Mid-Level,Full time,Data Scientist,62726,Luxembourg,Partially Remote,Luxembourg,Small
71,2020,Mid-Level,Full time,Data Scientist,42197,France,Partially Remote,France,Small
72,2021,Junior,Full time,Research Scientist,82528,United Kingdom,Partially Remote,United Kingdom,Large
73,2021,Executive,Full time,BI Data Analyst,150000,United States,Fully Remote,United States,Large
74,2021,Executive,Full time,Head of Data,235000,United States,Fully Remote,United States,Large
75,2021,Senior,Full time,Data Scientist,53192,France,Partially Remote,France,Large
76,2021,Mid-Level,Full time,BI Data Analyst,100000,United States,Fully Remote,United States,Medium
77,2021,Mid-Level,Part time,3D Computer Vision Researcher,5409,India,Partially Remote,India,Medium
78,2021,Mid-Level,Contract,ML Engineer,270000,United States,Fully Remote,United States,Large
79,2021,Junior,Full time,Data Analyst,80000,United States,Fully Remote,United States,Medium
80,2021,Senior,Full time,Data Analytics Engineer,79197,Germany,Fully Remote,Germany,Large
81,2021,Mid-Level,Full time,Data Engineer,140000,United States,Fully Remote,United States,Large
82,2021,Mid-Level,Full time,Applied Data Scientist,54238,Canada,Partially Remote,Canada,Large
83,2021,Mid-Level,Full time,Machine Learning Engineer,47282,Spain,Fully Remote,Spain,Small
84,2021,Executive,Full time,Director of Data Science,153667,Poland,Fully Remote,Poland,Large
85,2021,Mid-Level,Full time,Data Engineer,28476,Poland,Fully Remote,Poland,Large
86,2021,Junior,Full time,Data Analyst,59102,France,Partially Remote,France,Medium
87,2021,Mid-Level,Full time,Data Analytics Engineer,110000,United States,Fully Remote,United States,Large
88,2021,Senior,Full time,Lead Data Analyst,170000,United States,Fully Remote,United States,Large
89,2021,Senior,Full time,Data Analyst,80000,United States,Fully Remote,United States,Small
90,2021,Senior,Full time,Marketing Data Analyst,88654,Denmark,Fully Remote,Denmark,Large
91,2021,Junior,Full time,Data Science Consultant,76833,Germany,Fully Remote,Germany,Small
92,2021,Mid-Level,Full time,Lead Data Analyst,19609,India,Fully Remote,India,Large
93,2021,Senior,Full time,Lead Data Engineer,276000,United States,On-site,United States,Large
94,2021,Junior,Full time,Data Scientist,29751,India,Partially Remote,India,Large
95,2021,Mid-Level,Full time,Cloud Data Engineer,89294,Singapore,Partially Remote,Singapore,Large
96,2021,Junior,Part time,AI Scientist,12000,United States,Fully Remote,United States,Small
97,2021,Mid-Level,Full time,Financial Data Analyst,450000,United States,Fully Remote,United States,Large
98,2021,Junior,Full time,Computer Vision Software Engineer,70000,United States,Fully Remote,United States,Medium
99,2021,Mid-Level,Full time,Computer Vision Software Engineer,95746,United States,Fully Remote,United States,Small
100,2021,Mid-Level,Full time,Data Analyst,75000,United States,On-site,United States,Large
101,2021,Senior,Full time,Data Engineer,150000,United States,Fully Remote,United States,Large
102,2021,Mid-Level,Full time,BI Data Analyst,36259,United States,Partially Remote,United States,Large
103,2021,Mid-Level,Full time,Data Analyst,62000,United States,On-site,United States,Large
104,2021,Mid-Level,Full time,Data Scientist,73000,United States,On-site,United States,Large
105,2021,Mid-Level,Full time,Data Analyst,51519,United Kingdom,Partially Remote,United Kingdom,Large
106,2021,Mid-Level,Full time,Research Scientist,187442,Canada,Fully Remote,Canada,Large
107,2021,Senior,Full time,Data Engineer,115000,United States,Fully Remote,United States,Small
108,2021,Senior,Full time,Data Engineer,150000,United States,Fully Remote,United States,Medium
109,2021,Junior,Full time,Data Engineer,30428,India,Fully Remote,India,Large
110,2021,Senior,Full time,Machine Learning Engineer,94564,Germany,Partially Remote,Germany,Large
111,2021,Senior,Full time,Director of Data Engineering,113476,United Kingdom,Fully Remote,United Kingdom,Medium
112,2021,Senior,Full time,Lead Data Engineer,103160,United Kingdom,Fully Remote,United Kingdom,Small
113,2021,Junior,Part time,AI Scientist,12000,United States,Fully Remote,United States,Medium
114,2021,Mid-Level,Full time,Data Engineer,45391,Netherlands,Fully Remote,Netherlands,Large
115,2021,Junior,Full time,Machine Learning Scientist,225000,United States,Fully Remote,United States,Large
116,2021,Mid-Level,Full time,Data Scientist,50000,Nigeria,Fully Remote,Nigeria,Large
117,2021,Mid-Level,Full time,Data Science Engineer,40189,Greece,Fully Remote,Greece,Medium
118,2021,Junior,Full time,Data Analyst,90000,United States,Fully Remote,United States,Small
119,2021,Mid-Level,Full time,Data Engineer,200000,United States,Fully Remote,United States,Large
120,2021,Mid-Level,Full time,Big Data Engineer,60000,Romania,Partially Remote,Romania,Medium
121,2021,Senior,Full time,Principal Data Engineer,200000,United States,Fully Remote,United States,Medium
122,2021,Junior,Full time,Data Analyst,50000,United States,Fully Remote,United States,Medium
123,2021,Junior,Full time,Applied Data Scientist,110037,United Kingdom,On-site,United Kingdom,Large
124,2021,Junior,Part time,Data Analyst,10354,Spain,Partially Remote,Spain,Medium
125,2021,Mid-Level,Full time,Principal Data Scientist,151000,United States,Fully Remote,United States,Large
126,2021,Senior,Full time,Machine Learning Scientist,120000,United States,Partially Remote,United States,Small
127,2021,Mid-Level,Full time,Data Scientist,9466,India,On-site,India,Small
128,2021,Junior,Full time,Machine Learning Engineer,20000,India,Fully Remote,India,Small
129,2021,Senior,Full time,Lead Data Scientist,40570,India,Partially Remote,India,Large
130,2021,Junior,Full time,Machine Learning Developer,100000,Iraq,Partially Remote,Iraq,Small
131,2021,Junior,Full time,Data Scientist,49646,France,Partially Remote,France,Medium
132,2021,Mid-Level,Full time,Applied Machine Learning Scientist,38400,United States,Fully Remote,United States,Medium
133,2021,Senior,Full time,Computer Vision Engineer,24000,Brazil,Fully Remote,Brazil,Medium
134,2021,Junior,Full time,Data Scientist,100000,United States,On-site,United States,Small
135,2021,Mid-Level,Full time,Data Analyst,90000,United States,Fully Remote,United States,Medium
136,2021,Mid-Level,Full time,ML Engineer,63711,Japan,Partially Remote,Japan,Small
137,2021,Mid-Level,Full time,ML Engineer,77364,Japan,Partially Remote,Japan,Small
138,2021,Senior,Full time,Principal Data Scientist,220000,United States,On-site,United States,Large
139,2021,Junior,Full time,Data Scientist,80000,United States,Fully Remote,United States,Medium
140,2021,Mid-Level,Full time,Data Analyst,135000,United States,Fully Remote,United States,Large
141,2021,Senior,Full time,Data Science Manager,240000,United States,On-site,United States,Large
142,2021,Senior,Full time,Data Engineering Manager,150000,United States,On-site,United States,Large
143,2021,Mid-Level,Full time,Data Scientist,82500,United States,Fully Remote,United States,Small
144,2021,Mid-Level,Full time,Data Engineer,100000,United States,Fully Remote,United States,Large
145,2021,Senior,Full time,Machine Learning Engineer,82744,Belgium,Partially Remote,Belgium,Medium
146,2021,Mid-Level,Full time,Research Scientist,62649,France,Partially Remote,France,Medium
147,2021,Mid-Level,Full time,Data Engineer,90000,United States,Fully Remote,United States,Large
148,2021,Senior,Full time,Data Engineering Manager,153000,United States,Fully Remote,United States,Large
149,2021,Senior,Full time,Cloud Data Engineer,160000,United States,Fully Remote,United States,Small
150,2021,Senior,Full time,Director of Data Science,168000,Japan,On-site,Japan,Small
151,2021,Mid-Level,Full time,Data Scientist,150000,United States,Fully Remote,United States,Medium
152,2021,Mid-Level,Full time,Data Scientist,75774,Canada,Fully Remote,Canada,Large
153,2021,Junior,Full time,Data Scientist,13400,Ukraine,Fully Remote,Ukraine,Large
154,2021,Senior,Full time,Data Science Manager,144000,United States,Fully Remote,United States,Large
155,2021,Senior,Full time,Data Science Engineer,127221,Canada,Partially Remote,Canada,Large
156,2021,Mid-Level,Full time,Data Scientist,119059,Israel,Fully Remote,Israel,Medium
157,2021,Mid-Level,Full time,Applied Machine Learning Scientist,423000,United States,Partially Remote,United States,Large
158,2021,Senior,Full time,Data Analytics Manager,120000,United States,Fully Remote,United States,Medium
159,2021,Junior,Full time,Machine Learning Engineer,125000,United States,Fully Remote,United States,Small
160,2021,Executive,Full time,Head of Data,230000,Russia,Partially Remote,Russia,Large
161,2021,Executive,Full time,Head of Data Science,85000,Russia,On-site,Russia,Medium
162,2021,Mid-Level,Full time,Data Engineer,28369,Malta,Partially Remote,Malta,Large
163,2021,Junior,Full time,Data Science Consultant,63831,Germany,Partially Remote,Germany,Large
164,2021,Executive,Full time,Director of Data Science,130026,Germany,Partially Remote,Germany,Medium
165,2021,Senior,Full time,Data Specialist,165000,United States,Fully Remote,United States,Large
166,2021,Junior,Full time,Data Engineer,80000,United States,Fully Remote,United States,Large
167,2021,Executive,Full time,Director of Data Science,250000,United States,On-site,United States,Large
168,2021,Junior,Full time,BI Data Analyst,55000,United States,Partially Remote,United States,Small
169,2021,Mid-Level,Full time,Data Architect,150000,United States,Fully Remote,United States,Large
170,2021,Mid-Level,Full time,Data Architect,170000,United States,Fully Remote,United States,Large
171,2021,Mid-Level,Full time,Data Engineer,82528,United Kingdom,Fully Remote,United Kingdom,Large
172,2021,Junior,Full time,Data Analyst,60000,United States,Fully Remote,United States,Small
173,2021,Senior,Full time,Principal Data Scientist,235000,United States,Fully Remote,United States,Large
174,2021,Senior,Full time,Research Scientist,60757,Portugal,Partially Remote,Portugal,Large
175,2021,Senior,Full time,Data Engineering Manager,174000,United States,Fully Remote,United States,Large
176,2021,Mid-Level,Full time,Data Scientist,2859,Mexico,On-site,Mexico,Small
177,2021,Mid-Level,Full time,Data Scientist,40038,Chile,Fully Remote,Chile,Large
178,2021,Junior,Full time,Machine Learning Engineer,81000,United States,Partially Remote,United States,Small
179,2021,Mid-Level,Full time,Data Scientist,5679,United States,Fully Remote,United States,Small
180,2021,Mid-Level,Full time,Big Data Engineer,22611,India,On-site,India,Large
181,2021,Mid-Level,Full time,Data Scientist,90734,Germany,Partially Remote,Germany,Large
182,2021,Mid-Level,Full time,Data Engineer,26005,United States,On-site,United States,Large
183,2021,Senior,Full time,Finance Data Analyst,61896,United Kingdom,Partially Remote,United Kingdom,Large
184,2021,Mid-Level,Freelance,Machine Learning Scientist,12000,Pakistan,Partially Remote,Pakistan,Medium
185,2021,Mid-Level,Full time,Data Engineer,4000,Iran,Fully Remote,Iran,Medium
186,2021,Senior,Full time,Data Analytics Engineer,50000,United Kingdom,Fully Remote,United Kingdom,Medium
187,2021,Executive,Full time,Data Science Consultant,69741,Spain,Fully Remote,Spain,Small
188,2021,Senior,Full time,Data Engineer,76833,United Kingdom,Partially Remote,United Kingdom,Small
189,2021,Mid-Level,Full time,Machine Learning Engineer,74000,Japan,Partially Remote,Japan,Small
190,2021,Senior,Full time,Data Science Manager,152000,France,Fully Remote,France,Large
191,2021,Junior,Full time,Machine Learning Engineer,21844,Colombia,Partially Remote,Colombia,Medium
192,2021,Mid-Level,Full time,Big Data Engineer,18000,Moldova,On-site,Moldova,Small
193,2021,Senior,Full time,Data Science Manager,174000,United States,Fully Remote,United States,Large
194,2021,Senior,Full time,Research Scientist,96113,Canada,Partially Remote,Canada,Large
195,2021,Mid-Level,Full time,Data Scientist,147000,United States,Partially Remote,United States,Large
196,2021,Junior,Full time,BI Data Analyst,9272,Kenya,Fully Remote,Kenya,Small
197,2021,Senior,Full time,Machine Learning Engineer,24342,India,Fully Remote,India,Large
198,2021,Senior,Full time,Data Science Manager,54094,United States,Partially Remote,United States,Large
199,2021,Junior,Full time,Data Science Consultant,90000,United States,Fully Remote,United States,Small
200,2021,Mid-Level,Full time,Data Scientist,61467,Austria,Partially Remote,Austria,Medium
201,2021,Senior,Full time,Machine Learning Infrastructure Engineer,195000,United States,Fully Remote,United States,Medium
202,2021,Mid-Level,Full time,Data Scientist,37825,Spain,Fully Remote,Spain,Large
203,2021,Senior,Full time,Research Scientist,50000,United States,Fully Remote,United States,Small
204,2021,Mid-Level,Full time,Data Scientist,160000,United States,Fully Remote,United States,Large
205,2021,Mid-Level,Full time,Data Scientist,12901,Brazil,On-site,Brazil,Small
206,2021,Senior,Full time,Machine Learning Engineer,200000,United States,Fully Remote,United States,Large
207,2021,Senior,Full time,Data Engineer,165000,United States,On-site,United States,Medium
208,2021,Mid-Level,Freelance,Data Engineer,20000,United States,On-site,United States,Large
209,2021,Senior,Full time,Data Analytics Manager,120000,United States,On-site,United States,Large
210,2021,Mid-Level,Full time,Machine Learning Engineer,24823,Slovenia,Partially Remote,Slovenia,Large
211,2021,Mid-Level,Full time,Research Scientist,56738,France,Partially Remote,France,Small
212,2021,Mid-Level,Full time,Data Engineer,66022,United Kingdom,Partially Remote,United Kingdom,Small
213,2021,Junior,Full time,Big Data Engineer,5882,Switzerland,On-site,Switzerland,Large
214,2021,Junior,Full time,Machine Learning Engineer,24823,Germany,Partially Remote,Germany,Medium
215,2021,Senior,Full time,Principal Data Engineer,185000,United States,Fully Remote,United States,Large
216,2021,Junior,Part time,Computer Vision Engineer,28609,Denmark,Partially Remote,Denmark,Small
217,2021,Mid-Level,Full time,Data Scientist,90734,Germany,Partially Remote,Germany,Large
218,2021,Mid-Level,Full time,Machine Learning Engineer,88654,Belgium,Fully Remote,Belgium,Medium
219,2021,Senior,Full time,Data Analytics Manager,140000,United States,Fully Remote,United States,Large
220,2021,Mid-Level,Full time,Machine Learning Engineer,46597,Poland,Fully Remote,Poland,Large
221,2021,Mid-Level,Full time,Data Scientist,116914,United Kingdom,Partially Remote,United Kingdom,Large
222,2021,Mid-Level,Full time,Data Scientist,33808,India,On-site,India,Medium
223,2021,Mid-Level,Full time,Data Scientist,56256,United Kingdom,Partially Remote,United Kingdom,Large
224,2021,Senior,Full time,Machine Learning Scientist,225000,Canada,Fully Remote,Canada,Large
225,2021,Executive,Contract,Principal Data Scientist,416000,United States,Fully Remote,United States,Small
226,2021,Senior,Full time,Data Scientist,87738,Canada,Fully Remote,Canada,Small
227,2021,Mid-Level,Full time,Data Scientist,88654,Germany,Partially Remote,Germany,Large
228,2021,Senior,Full time,Data Scientist,135000,United States,On-site,United States,Large
229,2021,Senior,Full time,Data Analyst,71786,Canada,Fully Remote,Canada,Medium
230,2021,Junior,Full time,Big Data Engineer,16228,India,Fully Remote,India,Large
231,2021,Senior,Full time,ML Engineer,256000,United States,Fully Remote,United States,Small
232,2021,Senior,Full time,Director of Data Engineering,200000,United States,Fully Remote,United States,Large
233,2021,Senior,Full time,Data Analyst,200000,United States,Fully Remote,United States,Large
234,2021,Mid-Level,Full time,Data Architect,180000,United States,Fully Remote,United States,Large
235,2021,Mid-Level,Full time,Head of Data Science,110000,United States,On-site,United States,Small
236,2021,Mid-Level,Full time,Research Scientist,63810,Canada,Fully Remote,Canada,Medium
237,2021,Mid-Level,Full time,Data Scientist,46809,Spain,Fully Remote,Spain,Medium
238,2021,Junior,Full time,Data Scientist,4000,Vietnam,On-site,Vietnam,Medium
239,2021,Junior,Full time,Data Engineer,21637,India,Partially Remote,India,Medium
240,2021,Senior,Full time,Data Scientist,103691,Canada,Fully Remote,Canada,Large
241,2021,Mid-Level,Full time,Data Analyst,80000,United States,Fully Remote,United States,Large
242,2021,Mid-Level,Full time,Data Engineer,110000,United States,Fully Remote,United States,Large
243,2021,Senior,Full time,Data Scientist,165000,United States,Fully Remote,United States,Large
244,2021,Junior,Full time,AI Scientist,18053,American Samoa,Fully Remote,American Samoa,Small
245,2021,Mid-Level,Full time,Data Engineer,72212,United Kingdom,Partially Remote,United Kingdom,Large
246,2021,Junior,Full time,Data Scientist,36643,France,Partially Remote,France,Large
247,2021,Mid-Level,Full time,Data Engineer,12103,Türkiye,On-site,Türkiye,Medium
248,2021,Senior,Full time,Data Engineer,96282,United Kingdom,Partially Remote,United Kingdom,Large
249,2021,Senior,Full time,Principal Data Analyst,170000,United States,Fully Remote,United States,Medium
250,2021,Mid-Level,Full time,Data Scientist,115000,United States,Partially Remote,United States,Large
251,2021,Junior,Full time,Data Scientist,90000,United States,Fully Remote,United States,Small
252,2021,Executive,Full time,Principal Data Engineer,600000,United States,Fully Remote,United States,Large
253,2021,Junior,Full time,Data Scientist,28399,India,Fully Remote,India,Medium
254,2021,Mid-Level,Full time,Data Analyst,93000,United States,Fully Remote,United States,Large
255,2021,Senior,Full time,Big Data Architect,99703,Canada,Partially Remote,Canada,Medium
256,2021,Mid-Level,Full time,Data Engineer,200000,United States,Fully Remote,United States,Large
257,2021,Senior,Full time,Principal Data Scientist,173762,Germany,Fully Remote,Germany,Medium
258,2021,Senior,Full time,Machine Learning Engineer,185000,United States,Partially Remote,United States,Large
259,2021,Executive,Full time,Director of Data Science,141846,Germany,On-site,Germany,Large
260,2021,Mid-Level,Full time,Data Scientist,130000,United States,Partially Remote,United States,Large
261,2021,Senior,Full time,Data Analyst,63831,Germany,Partially Remote,Germany,Large
262,2021,Mid-Level,Full time,Data Scientist,16904,India,Fully Remote,India,Small
263,2021,Senior,Full time,Machine Learning Engineer,66265,India,On-site,India,Large
264,2021,Mid-Level,Full time,Data Scientist,25532,Germany,Fully Remote,Germany,Small
265,2021,Senior,Full time,Lead Data Engineer,160000,United States,Partially Remote,United States,Small
266,2021,Mid-Level,Full time,Data Engineer,93150,United States,On-site,United States,Medium
267,2021,Mid-Level,Full time,Data Engineer,111775,United States,On-site,United States,Medium
268,2021,Mid-Level,Full time,Data Engineer,28016,Türkiye,Fully Remote,Türkiye,Medium
269,2021,Junior,Full time,Data Engineer,65013,Germany,Partially Remote,Germany,Medium
270,2021,Junior,Full time,Data Engineer,72500,United States,Fully Remote,United States,Large
271,2021,Senior,Full time,Computer Vision Engineer,18907,Brazil,On-site,Brazil,Medium
272,2021,Junior,Full time,Data Science Consultant,76833,Germany,On-site,Germany,Large
273,2021,Junior,Full time,Machine Learning Engineer,85000,Germany,Fully Remote,Germany,Small
274,2021,Senior,Full time,Data Scientist,77684,France,Partially Remote,France,Medium
275,2021,Junior,Full time,Data Scientist,100000,United States,Fully Remote,United States,Medium
276,2021,Junior,Full time,Data Scientist,58000,United States,Partially Remote,United States,Large
277,2021,Senior,Full time,AI Scientist,55000,Spain,Fully Remote,Spain,Large
278,2021,Senior,Full time,Data Scientist,20171,Türkiye,Partially Remote,Türkiye,Large
279,2021,Junior,Full time,Business Data Analyst,59102,Luxembourg,Fully Remote,Luxembourg,Large
280,2021,Mid-Level,Full time,Data Engineer,112000,United States,Fully Remote,United States,Large
281,2021,Junior,Full time,Research Scientist,100000,China,On-site,China,Large
282,2021,Mid-Level,Part time,Data Engineer,69741,Netherlands,Fully Remote,Netherlands,Large
283,2021,Senior,Contract,Staff Data Scientist,105000,United States,Fully Remote,United States,Medium
284,2021,Mid-Level,Full time,Research Scientist,69999,Czech Republic,Partially Remote,Czech Republic,Large
285,2021,Senior,Full time,Data Science Manager,94665,India,Partially Remote,India,Large
286,2021,Senior,Full time,Head of Data,102839,Slovenia,Fully Remote,Slovenia,Large
287,2021,Mid-Level,Full time,Data Scientist,109000,United States,Partially Remote,United States,Large
288,2021,Mid-Level,Full time,Machine Learning Engineer,51064,Italy,Partially Remote,Italy,Large
289,2022,Senior,Full time,Data Engineer,135000,United States,Fully Remote,United States,Medium
290,2022,Senior,Full time,Data Analyst,155000,United States,Fully Remote,United States,Medium
291,2022,Senior,Full time,Data Analyst,120600,United States,Fully Remote,United States,Medium
292,2022,Mid-Level,Full time,Data Scientist,130000,United States,On-site,United States,Medium
293,2022,Mid-Level,Full time,Data Scientist,90000,United States,On-site,United States,Medium
294,2022,Mid-Level,Full time,Data Engineer,170000,United States,Fully Remote,United States,Medium
295,2022,Mid-Level,Full time,Data Engineer,150000,United States,Fully Remote,United States,Medium
296,2022,Senior,Full time,Data Analyst,102100,United States,Fully Remote,United States,Medium
297,2022,Senior,Full time,Data Analyst,84900,United States,Fully Remote,United States,Medium
298,2022,Senior,Full time,Data Scientist,136620,United States,Fully Remote,United States,Medium
299,2022,Senior,Full time,Data Scientist,99360,United States,Fully Remote,United States,Medium
300,2022,Senior,Full time,Data Scientist,117789,United Kingdom,On-site,United Kingdom,Medium
301,2022,Senior,Full time,Data Scientist,104702,United Kingdom,On-site,United Kingdom,Medium
302,2022,Senior,Full time,Data Scientist,146000,United States,Fully Remote,United States,Medium
303,2022,Senior,Full time,Data Scientist,123000,United States,Fully Remote,United States,Medium
304,2022,Junior,Full time,Data Engineer,52351,United Kingdom,Fully Remote,United Kingdom,Medium
305,2022,Senior,Full time,Data Analyst,99000,United States,On-site,United States,Medium
306,2022,Senior,Full time,Data Analyst,116000,United States,On-site,United States,Medium
307,2022,Mid-Level,Full time,Data Analyst,106260,United States,On-site,United States,Medium
308,2022,Mid-Level,Full time,Data Analyst,126500,United States,On-site,United States,Medium
309,2022,Executive,Full time,Data Engineer,242000,United States,Fully Remote,United States,Medium
310,2022,Executive,Full time,Data Engineer,200000,United States,Fully Remote,United States,Medium
311,2022,Mid-Level,Full time,Data Scientist,65438,United Kingdom,On-site,United Kingdom,Medium
312,2022,Mid-Level,Full time,Data Scientist,39263,United Kingdom,On-site,United Kingdom,Medium
313,2022,Mid-Level,Full time,Data Engineer,78526,United Kingdom,On-site,United Kingdom,Medium
314,2022,Mid-Level,Full time,Data Engineer,52351,United Kingdom,On-site,United Kingdom,Medium
315,2022,Senior,Full time,Data Scientist,165220,United States,Fully Remote,United States,Medium
316,2022,Junior,Full time,Data Engineer,45807,United Kingdom,Fully Remote,United Kingdom,Medium
317,2022,Senior,Full time,Data Scientist,120160,United States,Fully Remote,United States,Medium
318,2022,Senior,Full time,Data Analyst,90320,United States,Fully Remote,United States,Medium
319,2022,Senior,Full time,Data Engineer,181940,United States,On-site,United States,Medium
320,2022,Senior,Full time,Data Engineer,132320,United States,On-site,United States,Medium
321,2022,Senior,Full time,Data Engineer,220110,United States,On-site,United States,Medium
322,2022,Senior,Full time,Data Engineer,160080,United States,On-site,United States,Medium
323,2022,Senior,Full time,Data Scientist,180000,United States,On-site,United States,Large
324,2022,Senior,Full time,Data Scientist,120000,United States,On-site,United States,Large
325,2022,Senior,Full time,Data Analyst,124190,United States,Fully Remote,United States,Medium
326,2022,Executive,Full time,Data Analyst,130000,United States,Fully Remote,United States,Medium
327,2022,Executive,Full time,Data Analyst,110000,United States,Fully Remote,United States,Medium
328,2022,Senior,Full time,Data Analyst,170000,United States,Fully Remote,United States,Medium
329,2022,Mid-Level,Full time,Data Analyst,115500,United States,Fully Remote,United States,Medium
330,2022,Senior,Full time,Data Analyst,112900,United States,Fully Remote,United States,Medium
331,2022,Senior,Full time,Data Analyst,90320,United States,Fully Remote,United States,Medium
332,2022,Senior,Full time,Data Analyst,112900,United States,Fully Remote,United States,Medium
333,2022,Senior,Full time,Data Analyst,90320,United States,Fully Remote,United States,Medium
334,2022,Senior,Full time,Data Engineer,165400,United States,Fully Remote,United States,Medium
335,2022,Senior,Full time,Data Engineer,132320,United States,Fully Remote,United States,Medium
336,2022,Mid-Level,Full time,Data Analyst,167000,United States,Fully Remote,United States,Medium
337,2022,Senior,Full time,Data Engineer,243900,United States,Fully Remote,United States,Medium
338,2022,Senior,Full time,Data Analyst,136600,United States,Fully Remote,United States,Medium
339,2022,Senior,Full time,Data Analyst,109280,United States,Fully Remote,United States,Medium
340,2022,Senior,Full time,Data Engineer,128875,United States,Fully Remote,United States,Medium
341,2022,Senior,Full time,Data Engineer,93700,United States,Fully Remote,United States,Medium
342,2022,Executive,Full time,Head of Data Science,224000,United States,Fully Remote,United States,Medium
343,2022,Executive,Full time,Head of Data Science,167875,United States,Fully Remote,United States,Medium
344,2022,Executive,Full time,Analytics Engineer,175000,United States,Fully Remote,United States,Medium
345,2022,Senior,Full time,Data Engineer,156600,United States,Fully Remote,United States,Medium
346,2022,Senior,Full time,Data Engineer,108800,United States,On-site,United States,Medium
347,2022,Senior,Full time,Data Scientist,95550,United States,On-site,United States,Medium
348,2022,Senior,Full time,Data Engineer,113000,United States,On-site,United States,Large
349,2022,Senior,Full time,Data Analyst,135000,United States,Fully Remote,United States,Medium
350,2022,Senior,Full time,Data Science Manager,161342,United States,Fully Remote,United States,Medium
351,2022,Senior,Full time,Data Science Manager,137141,United States,Fully Remote,United States,Medium
352,2022,Senior,Full time,Data Scientist,167000,United States,Fully Remote,United States,Medium
353,2022,Senior,Full time,Data Scientist,123000,United States,Fully Remote,United States,Medium
354,2022,Senior,Full time,Data Engineer,78526,United Kingdom,On-site,United Kingdom,Medium
355,2022,Senior,Full time,Data Engineer,65438,United Kingdom,On-site,United Kingdom,Medium
356,2022,Senior,Full time,Data Scientist,150000,United States,On-site,United States,Medium
357,2022,Senior,Full time,Data Scientist,211500,United States,Fully Remote,United States,Medium
358,2022,Senior,Full time,Data Architect,192400,Canada,Fully Remote,Canada,Medium
359,2022,Senior,Full time,Data Architect,90700,Canada,Fully Remote,Canada,Medium
360,2022,Senior,Full time,Data Analyst,130000,Canada,Fully Remote,Canada,Medium
361,2022,Senior,Full time,Data Analyst,61300,Canada,Fully Remote,Canada,Medium
362,2022,Senior,Full time,Data Analyst,130000,Canada,Fully Remote,Canada,Medium
363,2022,Senior,Full time,Data Analyst,61300,Canada,Fully Remote,Canada,Medium
364,2022,Senior,Full time,Data Engineer,160000,United States,On-site,United States,Large
365,2022,Senior,Full time,Data Scientist,138600,United States,Fully Remote,United States,Medium
366,2022,Senior,Full time,Data Engineer,136000,United States,On-site,United States,Medium
367,2022,Mid-Level,Full time,Data Analyst,58000,United States,On-site,United States,Small
368,2022,Executive,Full time,Analytics Engineer,135000,United States,Fully Remote,United States,Medium
369,2022,Senior,Full time,Data Scientist,170000,United States,Fully Remote,United States,Medium
370,2022,Senior,Full time,Data Scientist,123000,United States,Fully Remote,United States,Medium
371,2022,Senior,Full time,Machine Learning Engineer,189650,United States,On-site,United States,Medium
372,2022,Senior,Full time,Machine Learning Engineer,164996,United States,On-site,United States,Medium
373,2022,Mid-Level,Full time,ETL Developer,54957,Greece,On-site,Greece,Medium
374,2022,Mid-Level,Full time,ETL Developer,54957,Greece,On-site,Greece,Medium
375,2022,Executive,Full time,Lead Data Engineer,118187,Canada,Fully Remote,Canada,Small
376,2022,Senior,Full time,Data Analyst,132000,United States,On-site,United States,Medium
377,2022,Senior,Full time,Data Engineer,165400,United States,Fully Remote,United States,Medium
378,2022,Senior,Full time,Data Architect,208775,United States,Fully Remote,United States,Medium
379,2022,Senior,Full time,Data Architect,147800,United States,Fully Remote,United States,Medium
380,2022,Senior,Full time,Data Engineer,136994,United States,Fully Remote,United States,Medium
381,2022,Senior,Full time,Data Engineer,101570,United States,Fully Remote,United States,Medium
382,2022,Senior,Full time,Data Analyst,128875,United States,Fully Remote,United States,Medium
383,2022,Senior,Full time,Data Analyst,93700,United States,Fully Remote,United States,Medium
384,2022,Executive,Full time,Head of Machine Learning,79039,India,Partially Remote,India,Large
385,2022,Senior,Full time,Data Engineer,132320,United States,Fully Remote,United States,Medium
386,2022,Junior,Full time,Machine Learning Engineer,37300,United Kingdom,Fully Remote,United Kingdom,Large
387,2022,Senior,Full time,Data Analyst,164000,United States,On-site,United States,Medium
388,2022,Senior,Full time,Data Engineer,155000,United States,Fully Remote,United States,Medium
389,2022,Mid-Level,Full time,Machine Learning Engineer,124333,United Kingdom,On-site,United Kingdom,Medium
390,2022,Mid-Level,Full time,Machine Learning Engineer,98158,United Kingdom,On-site,United Kingdom,Medium
391,2022,Mid-Level,Full time,AI Scientist,120000,United States,On-site,United States,Medium
392,2022,Senior,Full time,Data Analyst,112900,United States,Fully Remote,United States,Medium
393,2022,Senior,Full time,Data Analyst,90320,United States,Fully Remote,United States,Medium
394,2022,Senior,Full time,Data Analytics Manager,145000,United States,Fully Remote,United States,Medium
395,2022,Senior,Full time,Data Analytics Manager,105400,United States,Fully Remote,United States,Medium
396,2022,Mid-Level,Full time,Machine Learning Engineer,87932,Germany,Fully Remote,Germany,Medium
397,2022,Mid-Level,Full time,Data Engineer,117789,United Kingdom,On-site,United Kingdom,Medium
398,2022,Senior,Full time,Data Scientist,215300,United States,Fully Remote,United States,Large
399,2022,Senior,Full time,Data Scientist,158200,United States,Fully Remote,United States,Large
400,2022,Senior,Full time,Data Engineer,209100,United States,Fully Remote,United States,Large
401,2022,Senior,Full time,Data Engineer,154600,United States,Fully Remote,United States,Large
402,2022,Senior,Full time,Data Analyst,115934,United States,On-site,United States,Medium
403,2022,Senior,Full time,Data Analyst,81666,United States,On-site,United States,Medium
404,2022,Senior,Full time,Data Engineer,175000,United States,Fully Remote,United States,Medium
405,2022,Mid-Level,Full time,Data Engineer,98158,United Kingdom,On-site,United Kingdom,Medium
406,2022,Mid-Level,Full time,Data Analyst,58000,United States,On-site,United States,Small
407,2022,Senior,Full time,Data Engineer,183600,United States,Fully Remote,United States,Large
408,2022,Mid-Level,Full time,Data Analyst,52351,United Kingdom,Fully Remote,United Kingdom,Medium
409,2022,Senior,Full time,Data Scientist,180000,United States,Fully Remote,United States,Medium
410,2022,Mid-Level,Full time,Data Scientist,71982,United Kingdom,On-site,United Kingdom,Medium
411,2022,Mid-Level,Full time,Data Scientist,45807,United Kingdom,On-site,United Kingdom,Medium
412,2022,Mid-Level,Full time,Data Engineer,65949,Greece,Fully Remote,Greece,Medium
413,2022,Mid-Level,Full time,Data Engineer,49461,Greece,Fully Remote,Greece,Medium
414,2022,Mid-Level,Full time,Data Engineer,78526,United Kingdom,Fully Remote,United Kingdom,Medium
415,2022,Mid-Level,Full time,Data Engineer,58894,United Kingdom,Fully Remote,United Kingdom,Medium
416,2022,Senior,Full time,Data Scientist,260000,United States,Fully Remote,United States,Medium
417,2022,Senior,Full time,Data Science Engineer,60000,Mexico,Fully Remote,Mexico,Large
418,2022,Mid-Level,Full time,Data Engineer,63900,United States,On-site,United States,Medium
419,2022,Mid-Level,Full time,Machine Learning Scientist,160000,United States,Fully Remote,United States,Large
420,2022,Mid-Level,Full time,Machine Learning Scientist,112300,United States,Fully Remote,United States,Large
421,2022,Mid-Level,Full time,Data Science Manager,241000,United States,Fully Remote,United States,Medium
422,2022,Mid-Level,Full time,Data Science Manager,159000,United States,Fully Remote,United States,Medium
423,2022,Senior,Full time,Data Scientist,180000,United States,On-site,United States,Medium
424,2022,Senior,Full time,Data Scientist,80000,United States,On-site,United States,Medium
425,2022,Mid-Level,Full time,Data Engineer,82900,United States,On-site,United States,Medium
426,2022,Senior,Full time,Data Engineer,100800,United States,Fully Remote,United States,Large
427,2022,Mid-Level,Full time,Data Engineer,49461,Spain,Fully Remote,Spain,Medium
428,2022,Senior,Full time,Data Scientist,140400,United States,On-site,United States,Large
429,2022,Mid-Level,Full time,Data Analyst,39263,United Kingdom,Fully Remote,United Kingdom,Medium
430,2022,Mid-Level,Full time,Data Analyst,43966,Spain,Fully Remote,Spain,Medium
431,2022,Mid-Level,Full time,Data Analyst,32974,Spain,Fully Remote,Spain,Medium
432,2022,Mid-Level,Full time,Data Engineer,87932,Spain,Fully Remote,Spain,Medium
433,2022,Mid-Level,Full time,Data Engineer,76940,Spain,Fully Remote,Spain,Medium
434,2022,Mid-Level,Full time,Data Engineer,104702,United Kingdom,Fully Remote,United Kingdom,Medium
435,2022,Mid-Level,Full time,Data Engineer,91614,United Kingdom,Fully Remote,United Kingdom,Medium
436,2022,Mid-Level,Full time,Data Engineer,65949,Spain,Fully Remote,Spain,Medium
437,2022,Mid-Level,Full time,Data Engineer,87932,Greece,Fully Remote,Greece,Medium
438,2022,Senior,Full time,Machine Learning Engineer,189650,United States,On-site,United States,Medium
439,2022,Senior,Full time,Machine Learning Engineer,164996,United States,On-site,United States,Medium
440,2022,Mid-Level,Full time,Data Analyst,43966,Greece,Fully Remote,Greece,Medium
441,2022,Mid-Level,Full time,Data Analyst,32974,Greece,Fully Remote,Greece,Medium
442,2022,Mid-Level,Full time,Data Engineer,98158,United Kingdom,Fully Remote,United Kingdom,Medium
443,2022,Mid-Level,Full time,Data Engineer,78526,United Kingdom,Fully Remote,United Kingdom,Medium
444,2022,Senior,Full time,Data Scientist,215300,United States,On-site,United States,Large
445,2022,Mid-Level,Full time,Data Engineer,76940,Greece,Fully Remote,Greece,Medium
446,2022,Senior,Full time,Data Engineer,209100,United States,Fully Remote,United States,Large
447,2022,Senior,Full time,Data Engineer,154600,United States,Fully Remote,United States,Large
448,2022,Senior,Full time,Data Engineer,180000,United States,Fully Remote,United States,Medium
449,2022,Junior,Full time,ML Engineer,21983,Portugal,Fully Remote,Portugal,Large
450,2022,Senior,Full time,Data Engineer,80000,United States,Fully Remote,United States,Medium
451,2022,Mid-Level,Full time,Machine Learning Developer,78791,Canada,Fully Remote,Canada,Medium
452,2022,Executive,Full time,Director of Data Science,196979,Canada,Partially Remote,Canada,Large
453,2022,Mid-Level,Full time,Machine Learning Engineer,120000,United States,Fully Remote,United States,Small
454,2022,Junior,Full time,Computer Vision Engineer,125000,United States,On-site,United States,Medium
455,2022,Mid-Level,Full time,NLP Engineer,37236,United States,Partially Remote,United States,Large
456,2022,Senior,Full time,Data Engineer,105000,United States,Fully Remote,United States,Medium
457,2022,Senior,Full time,Lead Machine Learning Engineer,87932,Germany,On-site,Germany,Medium
458,2022,Mid-Level,Full time,Business Data Analyst,18442,India,Fully Remote,India,Medium
459,2022,Mid-Level,Full time,Data Scientist,31615,India,Fully Remote,India,Large
460,2022,Mid-Level,Full time,Machine Learning Infrastructure Engineer,58255,Portugal,Partially Remote,Portugal,Large
461,2022,Junior,Full time,Financial Data Analyst,100000,United States,Partially Remote,United States,Large
462,2022,Mid-Level,Part time,Data Engineer,54957,Germany,Partially Remote,Germany,Large
463,2022,Junior,Full time,Data Scientist,18442,India,Fully Remote,India,Medium
464,2022,Senior,Full time,Principal Data Scientist,162674,Germany,Fully Remote,Germany,Medium
465,2022,Junior,Full time,Data Engineer,120000,United States,Fully Remote,United States,Medium
466,2022,Senior,Full time,Research Scientist,144000,United States,Partially Remote,United States,Large
467,2022,Senior,Full time,Data Scientist,104890,United States,Fully Remote,United States,Medium
468,2022,Senior,Full time,Data Engineer,100000,United States,Fully Remote,United States,Medium
469,2022,Senior,Full time,Data Scientist,140000,United States,Fully Remote,United States,Medium
470,2022,Mid-Level,Full time,Data Analyst,135000,United States,Fully Remote,United States,Medium
471,2022,Mid-Level,Full time,Data Analyst,50000,United States,Fully Remote,United States,Medium
472,2022,Senior,Full time,Data Scientist,220000,United States,Fully Remote,United States,Medium
473,2022,Senior,Full time,Data Scientist,140000,United States,Fully Remote,United States,Medium
474,2022,Mid-Level,Full time,Data Scientist,183228,United Kingdom,On-site,United Kingdom,Medium
475,2022,Mid-Level,Full time,Data Scientist,91614,United Kingdom,On-site,United Kingdom,Medium
476,2022,Senior,Full time,Data Scientist,185100,United States,Fully Remote,United States,Medium
477,2022,Senior,Full time,Machine Learning Engineer,220000,United States,Fully Remote,United States,Medium
478,2022,Mid-Level,Full time,Data Scientist,200000,United States,Fully Remote,United States,Medium
479,2022,Mid-Level,Full time,Data Scientist,120000,United States,Fully Remote,United States,Medium
480,2022,Senior,Full time,Machine Learning Engineer,120000,United Arab Emirates,Fully Remote,United Arab Emirates,Small
481,2022,Senior,Full time,Machine Learning Engineer,65000,United Arab Emirates,Fully Remote,United Arab Emirates,Small
482,2022,Executive,Full time,Data Engineer,324000,United States,Fully Remote,United States,Medium
483,2022,Executive,Full time,Data Engineer,216000,United States,Fully Remote,United States,Medium
484,2022,Senior,Full time,Data Engineer,210000,United States,Fully Remote,United States,Medium
485,2022,Senior,Full time,Machine Learning Engineer,120000,United States,Fully Remote,United States,Medium
486,2022,Senior,Full time,Data Scientist,230000,United States,Fully Remote,United States,Medium
487,2022,Junior,Part time,Data Scientist,100000,Algeria,Partially Remote,Algeria,Medium
488,2022,Mid-Level,Freelance,Data Scientist,100000,United States,Fully Remote,United States,Medium
489,2022,Junior,Contract,Applied Machine Learning Scientist,31875,Czech Republic,Fully Remote,Czech Republic,Medium
490,2022,Senior,Full time,Head of Data,200000,United States,Fully Remote,United States,Medium
491,2022,Mid-Level,Full time,Principal Data Analyst,75000,Canada,Fully Remote,Canada,Small
492,2022,Mid-Level,Full time,Data Scientist,35590,Poland,Fully Remote,Poland,Large
493,2022,Senior,Full time,Machine Learning Developer,78791,Canada,Fully Remote,Canada,Medium
494,2022,Senior,Full time,Data Scientist,100000,United States,Fully Remote,United States,Medium
495,2022,Mid-Level,Full time,Machine Learning Scientist,153000,United States,Partially Remote,United States,Medium
496,2022,Junior,Full time,Data Engineer,58035,Germany,Fully Remote,Germany,Medium
497,2022,Senior,Full time,Data Scientist,165000,United States,Fully Remote,United States,Medium
498,2022,Senior,Full time,Research Scientist,93427,France,Partially Remote,France,Large
499,2022,Junior,Full time,Data Scientist,52396,Canada,Fully Remote,Canada,Large
500,2022,Senior,Full time,Machine Learning Engineer,62651,Netherlands,Fully Remote,Netherlands,Large
501,2022,Mid-Level,Full time,Head of Data,32974,Estonia,Fully Remote,Estonia,Small
502,2022,Junior,Full time,Data Scientist,40000,Malaysia,Fully Remote,Malaysia,Large
503,2022,Mid-Level,Full time,Machine Learning Engineer,87425,Australia,Fully Remote,Australia,Large
504,2022,Senior,Full time,Data Engineer,115000,United States,Fully Remote,United States,Medium
505,2022,Junior,Full time,Data Scientist,86703,Australia,Partially Remote,Australia,Medium
506,2022,Mid-Level,Full time,Applied Machine Learning Scientist,75000,United States,Fully Remote,United States,Large
507,2022,Mid-Level,Full time,Research Scientist,64849,Austria,On-site,Austria,Large
508,2022,Junior,Full time,Research Scientist,120000,United States,Fully Remote,United States,Large
509,2022,Mid-Level,Full time,Applied Data Scientist,157000,United States,Fully Remote,United States,Large
510,2022,Junior,Full time,Computer Vision Software Engineer,150000,Australia,Fully Remote,Australia,Small
511,2022,Mid-Level,Full time,Business Data Analyst,70912,Canada,Partially Remote,Canada,Large
512,2022,Junior,Full time,Data Engineer,65000,United States,Fully Remote,United States,Small
513,2022,Senior,Full time,Machine Learning Engineer,71444,Ireland,Fully Remote,Ireland,Small
514,2022,Junior,Full time,Data Analytics Engineer,20000,Pakistan,On-site,Pakistan,Medium
515,2022,Mid-Level,Full time,Data Scientist,48000,United States,Fully Remote,United States,Small
516,2022,Senior,Full time,Data Science Manager,152500,United States,Fully Remote,United States,Medium
517,2022,Mid-Level,Full time,Data Engineer,68147,France,Fully Remote,France,Medium
518,2022,Mid-Level,Full time,Data Scientist,122346,Switzerland,On-site,Switzerland,Large
519,2022,Senior,Full time,Applied Data Scientist,380000,United States,Fully Remote,United States,Large
520,2022,Mid-Level,Full time,Data Scientist,69336,Canada,Fully Remote,Canada,Medium
521,2022,Junior,Full time,Computer Vision Engineer,10000,Luxembourg,Fully Remote,Luxembourg,Medium
522,2022,Mid-Level,Full time,Data Analyst,20000,Greece,Fully Remote,Greece,Small
523,2022,Senior,Full time,Data Analytics Lead,405000,United States,Fully Remote,United States,Large
524,2022,Mid-Level,Full time,Data Scientist,135000,United States,Fully Remote,United States,Large
525,2022,Senior,Full time,Applied Data Scientist,177000,United States,Fully Remote,United States,Large
526,2022,Mid-Level,Full time,Data Scientist,78000,United States,Fully Remote,United States,Medium
527,2022,Senior,Full time,Data Analyst,135000,United States,Fully Remote,United States,Medium
528,2022,Senior,Full time,Data Analyst,100000,United States,Fully Remote,United States,Medium
529,2022,Senior,Full time,Data Analyst,90320,United States,Fully Remote,United States,Medium
530,2022,Mid-Level,Full time,Data Analyst,85000,Canada,On-site,Canada,Medium
531,2022,Mid-Level,Full time,Data Analyst,75000,Canada,On-site,Canada,Medium
532,2022,Senior,Full time,Machine Learning Engineer,214000,United States,Fully Remote,United States,Medium
533,2022,Senior,Full time,Machine Learning Engineer,192600,United States,Fully Remote,United States,Medium
534,2022,Senior,Full time,Data Architect,266400,United States,Fully Remote,United States,Medium
535,2022,Senior,Full time,Data Architect,213120,United States,Fully Remote,United States,Medium
536,2022,Senior,Full time,Data Analyst,112900,United States,Fully Remote,United States,Medium
537,2022,Senior,Full time,Data Engineer,155000,United States,Fully Remote,United States,Medium
538,2022,Mid-Level,Full time,Data Scientist,141300,United States,On-site,United States,Medium
539,2022,Mid-Level,Full time,Data Scientist,102100,United States,On-site,United States,Medium
540,2022,Senior,Full time,Data Analyst,115934,United States,Fully Remote,United States,Medium
541,2022,Senior,Full time,Data Analyst,81666,United States,Fully Remote,United States,Medium
542,2022,Mid-Level,Full time,Data Engineer,206699,United States,On-site,United States,Medium
543,2022,Mid-Level,Full time,Data Engineer,99100,United States,On-site,United States,Medium
544,2022,Senior,Full time,Data Engineer,130000,United States,Fully Remote,United States,Medium
545,2022,Senior,Full time,Data Engineer,115000,United States,Fully Remote,United States,Medium
546,2022,Senior,Full time,Data Engineer,110500,United States,Fully Remote,United States,Medium
547,2022,Senior,Full time,Data Engineer,130000,United States,Fully Remote,United States,Medium
548,2022,Senior,Full time,Data Analyst,99050,United States,Fully Remote,United States,Medium
549,2022,Senior,Full time,Data Engineer,160000,United States,Fully Remote,United States,Medium
550,2022,Senior,Full time,Data Scientist,205300,United States,On-site,United States,Large
551,2022,Senior,Full time,Data Scientist,140400,United States,On-site,United States,Large
552,2022,Senior,Full time,Data Scientist,176000,United States,Fully Remote,United States,Medium
553,2022,Senior,Full time,Data Scientist,144000,United States,Fully Remote,United States,Medium
554,2022,Senior,Full time,Data Engineer,200100,United States,Fully Remote,United States,Medium
555,2022,Senior,Full time,Data Engineer,160000,United States,Fully Remote,United States,Medium
556,2022,Senior,Full time,Data Engineer,145000,United States,Fully Remote,United States,Medium
557,2022,Senior,Full time,Data Engineer,70500,United States,On-site,United States,Medium
558,2022,Senior,Full time,Data Scientist,205300,United States,On-site,United States,Medium
559,2022,Senior,Full time,Data Scientist,140400,United States,On-site,United States,Medium
560,2022,Senior,Full time,Analytics Engineer,205300,United States,On-site,United States,Medium
561,2022,Senior,Full time,Analytics Engineer,184700,United States,On-site,United States,Medium
562,2022,Senior,Full time,Data Engineer,175100,United States,Fully Remote,United States,Medium
563,2022,Senior,Full time,Data Engineer,140250,United States,Fully Remote,United States,Medium
564,2022,Senior,Full time,Data Analyst,116150,United States,Fully Remote,United States,Medium
565,2022,Senior,Full time,Data Engineer,54000,United States,On-site,United States,Medium
566,2022,Senior,Full time,Data Analyst,170000,United States,Fully Remote,United States,Medium
567,2022,Mid-Level,Full time,Data Analyst,65438,United Kingdom,On-site,United Kingdom,Medium
568,2022,Senior,Full time,Data Analyst,80000,United States,Fully Remote,United States,Medium
569,2022,Senior,Full time,Data Scientist,140000,United States,Fully Remote,United States,Medium
570,2022,Senior,Full time,Data Scientist,210000,United States,Fully Remote,United States,Medium
571,2022,Senior,Full time,Data Scientist,140000,United States,Fully Remote,United States,Medium
572,2022,Senior,Full time,Data Analyst,100000,United States,Fully Remote,United States,Medium
573,2022,Senior,Full time,Data Analyst,69000,United States,Fully Remote,United States,Medium
574,2022,Senior,Full time,Data Scientist,210000,United States,Fully Remote,United States,Medium
575,2022,Senior,Full time,Data Scientist,140000,United States,Fully Remote,United States,Medium
576,2022,Senior,Full time,Data Scientist,210000,United States,Fully Remote,United States,Medium
577,2022,Senior,Full time,Data Analyst,150075,United States,Fully Remote,United States,Medium
578,2022,Senior,Full time,Data Engineer,100000,United States,Fully Remote,United States,Medium
579,2022,Senior,Full time,Data Engineer,25000,United States,Fully Remote,United States,Medium
580,2022,Senior,Full time,Data Analyst,126500,United States,Fully Remote,United States,Medium
581,2022,Senior,Full time,Data Analyst,106260,United States,Fully Remote,United States,Medium
582,2022,Senior,Full time,Data Engineer,220110,United States,Fully Remote,United States,Medium
583,2022,Senior,Full time,Data Engineer,160080,United States,Fully Remote,United States,Medium
584,2022,Senior,Full time,Data Analyst,105000,United States,Fully Remote,United States,Medium
585,2022,Senior,Full time,Data Analyst,110925,United States,Fully Remote,United States,Medium
586,2022,Mid-Level,Full time,Data Analyst,45807,United Kingdom,On-site,United Kingdom,Medium
587,2022,Senior,Full time,Data Scientist,140000,United States,Fully Remote,United States,Medium
588,2022,Senior,Full time,Data Analyst,99000,United States,On-site,United States,Medium
589,2022,Senior,Full time,Data Analyst,60000,United States,Fully Remote,United States,Medium
590,2022,Senior,Full time,Data Architect,192564,United States,Fully Remote,United States,Medium
591,2022,Senior,Full time,Data Architect,144854,United States,Fully Remote,United States,Medium
592,2022,Senior,Full time,Data Scientist,230000,United States,Fully Remote,United States,Medium
593,2022,Senior,Full time,Data Scientist,150000,United States,Fully Remote,United States,Medium
594,2022,Senior,Full time,Data Analytics Manager,150260,United States,Fully Remote,United States,Medium
595,2022,Senior,Full time,Data Analytics Manager,109280,United States,Fully Remote,United States,Medium
596,2022,Senior,Full time,Data Scientist,210000,United States,Fully Remote,United States,Medium
597,2022,Senior,Full time,Data Analyst,170000,United States,Fully Remote,United States,Medium
598,2022,Mid-Level,Full time,Data Scientist,160000,United States,Fully Remote,United States,Medium
599,2022,Mid-Level,Full time,Data Scientist,130000,United States,Fully Remote,United States,Medium
600,2022,Junior,Full time,Data Analyst,67000,Canada,On-site,Canada,Medium
601,2022,Junior,Full time,Data Analyst,52000,Canada,On-site,Canada,Medium
602,2022,Senior,Full time,Data Engineer,154000,United States,Fully Remote,United States,Medium
603,2022,Senior,Full time,Data Engineer,126000,United States,Fully Remote,United States,Medium
604,2022,Senior,Full time,Data Analyst,129000,United States,On-site,United States,Medium
605,2022,Senior,Full time,Data Analyst,150000,United States,Fully Remote,United States,Medium
606,2022,Mid-Level,Full time,AI Scientist,200000,United States,Fully Remote,United States,Large
